<?xml version="1.0" encoding="utf-8"?>
<Project DefaultTargets="Build" xmlns="http://schemas.microsoft.com/developer/msbuild/2003">
  <ItemGroup Label="ProjectConfigurations">
    <ProjectConfiguration Include="Debug|Win32">
      <Configuration>Debug</Configuration>
      <Platform>Win32</Platform>
    </ProjectConfiguration>
    <ProjectConfiguration Include="Release|Win32">
      <Configuration>Release</Configuration>
      <Platform>Win32</Platform>
    </ProjectConfiguration>
    <ProjectConfiguration Include="Debug|x64">
      <Configuration>Debug</Configuration>
      <Platform>x64</Platform>
    </ProjectConfiguration>
    <ProjectConfiguration Include="Release|x64">
      <Configuration>Release</Configuration>
      <Platform>x64</Platform>
    </ProjectConfiguration>
  </ItemGroup>
  <PropertyGroup Label="Globals">
    <VCProjectVersion>16.0</VCProjectVersion>
    <Keyword>Win32Proj</Keyword>
    <ProjectGuid>{02bf280a-0b6a-4502-8880-c149feaf7473}</ProjectGuid>
    <RootNamespace>DriveAndAvoid1</RootNamespace>
    <WindowsTargetPlatformVersion>10.0</WindowsTargetPlatformVersion>
    <ProjectName>DriveAndAvoid1</ProjectName>
  </PropertyGroup>
  <Import Project="$(VCTargetsPath)\Microsoft.Cpp.Default.props" />
  <PropertyGroup Condition="'$(Configuration)|$(Platform)'=='Debug|Win32'" Label="Configuration">
    <ConfigurationType>Application</ConfigurationType>
    <UseDebugLibraries>true</UseDebugLibraries>
    <PlatformToolset>v143</PlatformToolset>
    <CharacterSet>MultiByte</CharacterSet>
  </PropertyGroup>
  <PropertyGroup Condition="'$(Configuration)|$(Platform)'=='Release|Win32'" Label="Configuration">
    <ConfigurationType>Application</ConfigurationType>
    <UseDebugLibraries>false</UseDebugLibraries>
    <PlatformToolset>v143</PlatformToolset>
    <WholeProgramOptimization>true</WholeProgramOptimization>
    <CharacterSet>MultiByte</CharacterSet>
  </PropertyGroup>
  <PropertyGroup Condition="'$(Configuration)|$(Platform)'=='Debug|x64'" Label="Configuration">
    <ConfigurationType>Application</ConfigurationType>
    <UseDebugLibraries>true</UseDebugLibraries>
    <PlatformToolset>v143</PlatformToolset>
    <CharacterSet>MultiByte</CharacterSet>
  </PropertyGroup>
  <PropertyGroup Condition="'$(Configuration)|$(Platform)'=='Release|x64'" Label="Configuration">
    <ConfigurationType>Application</ConfigurationType>
    <UseDebugLibraries>false</UseDebugLibraries>
    <PlatformToolset>v143</PlatformToolset>
    <WholeProgramOptimization>true</WholeProgramOptimization>
    <CharacterSet>MultiByte</CharacterSet>
  </PropertyGroup>
  <Import Project="$(VCTargetsPath)\Microsoft.Cpp.props" />
  <ImportGroup Label="ExtensionSettings">
  </ImportGroup>
  <ImportGroup Label="Shared">
  </ImportGroup>
  <ImportGroup Label="PropertySheets" Condition="'$(Configuration)|$(Platform)'=='Debug|Win32'">
    <Import Project="$(UserRootDir)\Microsoft.Cpp.$(Platform).user.props" Condition="exists('$(UserRootDir)\Microsoft.Cpp.$(Platform).user.props')" Label="LocalAppDataPlatform" />
  </ImportGroup>
  <ImportGroup Label="PropertySheets" Condition="'$(Configuration)|$(Platform)'=='Release|Win32'">
    <Import Project="$(UserRootDir)\Microsoft.Cpp.$(Platform).user.props" Condition="exists('$(UserRootDir)\Microsoft.Cpp.$(Platform).user.props')" Label="LocalAppDataPlatform" />
  </ImportGroup>
  <ImportGroup Label="PropertySheets" Condition="'$(Configuration)|$(Platform)'=='Debug|x64'">
    <Import Project="$(UserRootDir)\Microsoft.Cpp.$(Platform).user.props" Condition="exists('$(UserRootDir)\Microsoft.Cpp.$(Platform).user.props')" Label="LocalAppDataPlatform" />
  </ImportGroup>
  <ImportGroup Label="PropertySheets" Condition="'$(Configuration)|$(Platform)'=='Release|x64'">
    <Import Project="$(UserRootDir)\Microsoft.Cpp.$(Platform).user.props" Condition="exists('$(UserRootDir)\Microsoft.Cpp.$(Platform).user.props')" Label="LocalAppDataPlatform" />
  </ImportGroup>
  <PropertyGroup Label="UserMacros" />
  <PropertyGroup Condition="'$(Configuration)|$(Platform)'=='Debug|Win32'">
    <LinkIncremental>true</LinkIncremental>
  </PropertyGroup>
  <PropertyGroup Condition="'$(Configuration)|$(Platform)'=='Release|Win32'">
    <LinkIncremental>false</LinkIncremental>
  </PropertyGroup>
  <PropertyGroup Condition="'$(Configuration)|$(Platform)'=='Debug|x64'">
    <LinkIncremental>true</LinkIncremental>
  </PropertyGroup>
  <PropertyGroup Condition="'$(Configuration)|$(Platform)'=='Release|x64'">
    <LinkIncremental>false</LinkIncremental>
  </PropertyGroup>
  <ItemDefinitionGroup Condition="'$(Configuration)|$(Platform)'=='Debug|Win32'">
    <ClCompile>
      <WarningLevel>Level3</WarningLevel>
      <SDLCheck>true</SDLCheck>
      <PreprocessorDefinitions>WIN32;_DEBUG;_WINDOWS;%(PreprocessorDefinitions)</PreprocessorDefinitions>
      <ConformanceMode>true</ConformanceMode>
      <AdditionalIncludeDirectories>C:\dxlib;%(AdditionalIncludeDirectories)</AdditionalIncludeDirectories>
      <RuntimeLibrary>MultiThreadedDebug</RuntimeLibrary>
    </ClCompile>
    <Link>
      <SubSystem>Windows</SubSystem>
      <GenerateDebugInformation>true</GenerateDebugInformation>
      <AdditionalLibraryDirectories>C:\dxlib;%(AdditionalLibraryDirectories)</AdditionalLibraryDirectories>
    </Link>
  </ItemDefinitionGroup>
  <ItemDefinitionGroup Condition="'$(Configuration)|$(Platform)'=='Release|Win32'">
    <ClCompile>
      <WarningLevel>Level3</WarningLevel>
      <FunctionLevelLinking>true</FunctionLevelLinking>
      <IntrinsicFunctions>true</IntrinsicFunctions>
      <SDLCheck>true</SDLCheck>
      <PreprocessorDefinitions>WIN32;NDEBUG;_WINDOWS;%(PreprocessorDefinitions)</PreprocessorDefinitions>
      <ConformanceMode>true</ConformanceMode>
      <AdditionalIncludeDirectories>C:\dxlib;%(AdditionalIncludeDirectories)</AdditionalIncludeDirectories>
      <RuntimeLibrary>MultiThreaded</RuntimeLibrary>
    </ClCompile>
    <Link>
      <SubSystem>Windows</SubSystem>
      <EnableCOMDATFolding>true</EnableCOMDATFolding>
      <OptimizeReferences>true</OptimizeReferences>
      <GenerateDebugInformation>true</GenerateDebugInformation>
      <AdditionalLibraryDirectories>C:\dxlib;%(AdditionalLibraryDirectories)</AdditionalLibraryDirectories>
    </Link>
  </ItemDefinitionGroup>
  <ItemDefinitionGroup Condition="'$(Configuration)|$(Platform)'=='Debug|x64'">
    <ClCompile>
      <WarningLevel>Level3</WarningLevel>
      <SDLCheck>true</SDLCheck>
      <PreprocessorDefinitions>_DEBUG;_WINDOWS;%(PreprocessorDefinitions)</PreprocessorDefinitions>
      <ConformanceMode>true</ConformanceMode>
      <AdditionalIncludeDirectories>C:\dxlib;%(AdditionalIncludeDirectories)</AdditionalIncludeDirectories>
      <RuntimeLibrary>MultiThreadedDebug</RuntimeLibrary>
    </ClCompile>
    <Link>
      <SubSystem>Windows</SubSystem>
      <GenerateDebugInformation>true</GenerateDebugInformation>
      <AdditionalLibraryDirectories>C:\dxlib;%(AdditionalLibraryDirectories)</AdditionalLibraryDirectories>
    </Link>
  </ItemDefinitionGroup>
  <ItemDefinitionGroup Condition="'$(Configuration)|$(Platform)'=='Release|x64'">
    <ClCompile>
      <WarningLevel>Level3</WarningLevel>
      <FunctionLevelLinking>true</FunctionLevelLinking>
      <IntrinsicFunctions>true</IntrinsicFunctions>
      <SDLCheck>true</SDLCheck>
      <PreprocessorDefinitions>NDEBUG;_WINDOWS;%(PreprocessorDefinitions)</PreprocessorDefinitions>
      <ConformanceMode>true</ConformanceMode>
      <AdditionalIncludeDirectories>C:\dxlib;%(AdditionalIncludeDirectories)</AdditionalIncludeDirectories>
      <RuntimeLibrary>MultiThreaded</RuntimeLibrary>
    </ClCompile>
    <Link>
      <SubSystem>Windows</SubSystem>
      <EnableCOMDATFolding>true</EnableCOMDATFolding>
      <OptimizeReferences>true</OptimizeReferences>
      <GenerateDebugInformation>true</GenerateDebugInformation>
      <AdditionalLibraryDirectories>C:\dxlib;%(AdditionalLibraryDirectories)</AdditionalLibraryDirectories>
    </Link>
  </ItemDefinitionGroup>
  <ItemGroup>
    <ClCompile Include="AppMain.cpp" />
    <ClCompile Include="Object\Barrier.cpp" />
    <ClCompile Include="Object\Enemy.cpp" />
    <ClCompile Include="Object\Player.cpp" />
    <ClCompile Include="Object\RankingData.cpp" />
    <ClCompile Include="Scene\GameMainScene.cpp" />
    <ClCompile Include="Scene\HelpScene.cpp" />
    <ClCompile Include="Scene\RankingDispScene.cpp" />
    <ClCompile Include="Scene\RankingInputScene.cpp" />
    <ClCompile Include="Scene\ResultScene.cpp" />
    <ClCompile Include="Scene\SceneManager.cpp" />
    <ClCompile Include="Scene\TitleScene.cpp" />
    <ClCompile Include="Utility\InputControl.cpp" />
  </ItemGroup>
  <ItemGroup>
    <ClInclude Include="Object\Barrier.h" />
    <ClInclude Include="Object\Enemy.h" />
    <ClInclude Include="Object\Player.h" />
    <ClInclude Include="Object\RankingData.h" />
    <ClInclude Include="Scene\GameMainScene.h" />
    <ClInclude Include="Scene\HelpScene.h" />
    <ClInclude Include="Scene\RankingDispScene.h" />
    <ClInclude Include="Scene\RankingInputScene.h" />
    <ClInclude Include="Scene\ResultScene.h" />
    <ClInclude Include="Scene\SceneBase.h" />
    <ClInclude Include="Scene\SceneManager.h" />
    <ClInclude Include="Scene\TitleScene.h" />
    <ClInclude Include="Utility\InputControl.h" />
    <ClInclude Include="Utility\Vector2D.h" />
  </ItemGroup>
  <Import Project="$(VCTargetsPath)\Microsoft.Cpp.targets" />
  <ImportGroup Label="ExtensionTargets">
  </ImportGroup>
</Project>